name,latitude,longitude
Abartagh,52.01916,-7.82345
Abberanville,53.25817,-8.58564
Abbernadoorny,54.68795,-8.15776
Abbert,53.41798,-8.69303
Abbert Demesne,53.42776,-8.68485
Abbeville,53.08619,-8.06461
Abbey,51.67659,-9.4767
Abbeycartron,53.73488,-7.79867
Abbeyderg,53.63528,-7.79798
Abbeydorney,52.34661,-9.68791
Abbeydown,52.69197,-6.62453
Abbey East,53.13463,-9.04522
Abbeyfarm,52.40412,-8.57747
Abbeyfeale,52.38618,-9.29707
Abbeyfeale East,52.37266,-9.29278
Abbeyfeale West,52.37814,-9.30517
Abbeyfield,53.33235,-8.40244
Abbeygormacan,53.21428,-8.35342
Abbeygrove,52.62573,-7.14942
Abbeyhalfquarter,54.11395,-9.14431
Abbey Island,54.5086,-8.20015
Abbeyland,53.99098,-7.36126
Abbey Land,53.69189,-7.62327
Abbeyland And Charlestown,53.60439,-7.49649
Abbeyland Great,53.21488,-8.10689
Abbeyland Little,53.23472,-8.05735
Abbeyland North,53.62202,-8.74377
Abbeylands,54.51402,-8.20686
Abbey-Lands,51.71497,-8.5307
Abbeyland South,53.61716,-8.74042
Abbeylara,53.77143,-7.45624
Abbeyleix,52.91528,-7.3479
Abbeyleix Demesne,52.89514,-7.37782
Abbeymahon,51.63306,-8.7476
Abbeypark,53.28341,-8.22023
Abbeyquarter,53.7568,-8.76685
Abbeyquarter North,54.26981,-8.47078
Abbeyquarter South,54.26674,-8.46833
Abbeyshrule,53.5714,-7.65802
Abbeyside,52.09318,-7.61686
Abbeystrowry,51.55522,-9.30019
Abbeytown,53.50251,-9.06582
Abbeyville,53.42894,-6.18436
Abbey West,53.12497,-9.06233
Abbotstown,53.38835,-6.3667
Abelstown,53.71422,-6.59566
Abington,52.63245,-8.41864
Ablintown,52.27636,-6.52846
Acantha,53.31229,-7.49188
Acarreagh,54.00803,-6.44357
Acaun,52.8462,-6.66464
Achillbeg Island,53.86747,-9.95999
Achill Sound,53.93026,-9.92664
Achonry,54.08012,-8.66069
Ackeys Island,54.99073,-8.44591
Aclamon,52.3202,-6.90126
Aclare,52.68402,-6.74876
Aclint,53.91963,-6.63461
Acraboy,52.50735,-8.21639
Acragar,52.76533,-7.39526
Acraroe,52.60274,-7.34145
Acre Beg,53.17363,-8.53557
Acre East,53.4358,-8.28271
Acre More,53.16856,-8.53776
Acrenakirka,52.44296,-7.81223
Acres,53.94628,-7.36182
Acre West,53.42996,-8.29588
Adamstown,51.82242,-8.50725
Adamstown Lower,52.7066,-7.43524
Adamstown Upper,52.70363,-7.4496
Adamswood,52.53145,-8.86304
Adare,52.56158,-8.78504
Addane,52.79124,-8.15999
Addanstown,53.58062,-6.86575
Addergoole,52.96888,-8.90796
Addergoole Beg,53.6312,-8.8068
Addergoole More,53.60131,-8.7265
Addergoole North,53.39096,-8.26047
Addergoole South,53.3837,-8.24409
Addergoole West,53.38577,-8.27584
Addergown,52.44711,-9.70401
Adderville,55.23167,-7.44711
Adderwal,54.906,-8.17325
Addinstown,53.61789,-7.00674
Addragool,53.31917,-9.1517
Addrigoole,51.99693,-7.71844
Addroon,52.94646,-8.95888
Aderavoher,54.28439,-8.95629
Adereen,53.92032,-8.06031
Aderg,53.73917,-8.74522
Aderrig,53.33886,-6.48611
Admiran,54.81163,-7.76762
Adoon,53.97362,-7.83727
Adragool,53.72775,-8.45885
Adramone Beg,52.16181,-7.50236
Adramone More,52.15798,-7.51343
Adraval,52.17922,-9.37953
Adrigole,51.69712,-9.72956
Adrigool,51.59443,-9.21804
Adrivale,52.02228,-9.11531
Adruel,52.96014,-7.92515
Afaddy,52.3143,-7.25825
Affane,52.12262,-7.83551
Affane Hunter,52.13164,-7.83555
Affick,52.91401,-8.79469
Affoley,52.53214,-7.50792
Affollus,53.41159,-6.5548
Affouley,52.4716,-9.55855
Afoley,53.15334,-7.47801
Agall,53.25636,-7.60302
Aggard Beg,53.20445,-8.75375
Aggard More,53.21923,-8.75148
Agha,52.73348,-6.91518
Aghabane,54.0235,-7.55978
Aghabeg,52.66456,-6.88549
Aghabeg East,52.40798,-9.66784
Aghabeg Middle,52.40516,-9.68403
Aghabeg West,52.40952,-9.69209
Aghabehy,54.09109,-8.15671
Aghaboe,52.92851,-7.52052
Aghabog,54.14724,-7.09589
Aghaboneill,54.00308,-7.8802
Aghaboy,53.79982,-7.44576
Aghaboy North,54.28963,-7.03431
Aghaboys,54.03342,-6.37516
Aghaboy South,54.26394,-7.09126
Aghabrack,53.75546,-7.48583
Aghabrick,54.24118,-6.89726
Aghabullogue,51.9443,-8.80785
Aghaburren,52.28638,-8.7176
Aghacarra,54.03236,-8.27396
Aghacarrible,52.12867,-10.18078
Aghacashel,53.85309,-7.15521
Aghacashlaun,54.04284,-7.9309
Aghaclay,54.17533,-7.03791
Aghaclogha,54.30806,-7.01755
Aghacloghan,54.02313,-6.77252
Aghaclogher,53.70938,-8.07914
Aghacocara,53.42164,-7.92347
Aghaconny,53.91777,-7.3761
Aghacoora,52.37729,-9.65155
Aghacordrinan,53.82297,-7.62502
Aghacreevy,53.83013,-7.35185
Aghacross,52.25756,-8.40191
Aghacunna,51.87593,-9.09403
Aghacurreen,52.08712,-9.55619
Aghada,51.83787,-8.21816
Aghadachor,55.14653,-7.84077
Aghadaghly,55.19876,-7.65842
Aghadangan,53.74756,-8.07354
Aghadark,54.05289,-7.81472
Aghadaugh,53.54695,-7.21996
Aghade,52.76877,-6.75098
Aghadegnan,53.74193,-7.80665
Aghaderrard East,54.42297,-8.23392
Aghaderrard West,54.4289,-8.23713
Aghaderry,54.40466,-6.98696
Aghadiffin,53.86649,-8.71955
Aghadoe,51.95102,-8.00105
Aghadonagh,53.6928,-7.59831
Aghadooey Glebe,53.8976,-9.57076
Aghadoon,53.91107,-7.32489
Aghadouglas,52.99348,-7.84393
Aghadowey,54.58616,-8.05497
Aghadown,51.54246,-9.37577
Aghadowry,53.8374,-7.67436
Aghadreen,52.90898,-7.17942
Aghadreenagh,54.0758,-7.30999
Aghadreenan,55.18734,-7.65842
Aghadrestan,53.85454,-8.58528
Aghadrinagh,53.8332,-9.30735
Aghadrumcarn,53.9537,-7.88055
Aghadrumcru,54.40378,-7.0051
Aghadrumderg,53.92079,-7.85533
Aghadrumdoney,54.1129,-7.28431
Aghadrumgowna,54.00767,-7.18838
Aghadrumgullin,54.0375,-7.36982
Aghadruminshin,53.98015,-7.70451
Aghadrumkeen,54.1483,-7.05899
Aghaduff,51.96074,-8.30763
Aghadunvane,54.4269,-8.27048
Aghafad,53.8287,-7.36227
Aghafadda,53.37661,-8.6479
Aghafarnan,53.87773,-6.82337
Aghafin,52.96721,-7.52182
Aghafore,51.61593,-8.80261
Aghafoy,54.54787,-7.85162
Aghafullim,53.36229,-6.72245
Aghagad,53.59915,-8.3441
Aghagadda,51.8905,-10.31115
Aghagah,53.92433,-7.6303
Aghagally,54.30011,-7.0136
Aghagashlan,54.06099,-7.00687
Aghagaw,54.22422,-7.13317
Aghagegna,53.88733,-7.30096
Aghaginny,54.06743,-7.99478
Aghaglasheen,54.25922,-9.9544
Aghaglass,53.97686,-6.57153
Aghaglassan,55.22253,-7.16745
Aghaglinny North,53.1389,-9.23662
Aghaglinny South,53.1274,-9.23486
Aghagolrick,53.98362,-7.23092
Aghagoogy,53.17264,-7.81821
Aghagooheen,51.65088,-9.48159
Aghagower,53.76215,-9.4622
Aghagowla,54.04621,-8.27095
Aghagowla Beg,53.85214,-9.49649
Aghagowla More,53.84944,-9.51213
Aghagrania,54.06897,-8.00616
Aghagreagh,53.80134,-7.63609
Aghagurty,53.06388,-7.75281
Aghahull,55.03977,-7.63005
Aghakee,53.9017,-7.30835
Aghakeel,53.61459,-8.00949
Aghakeeran,53.81818,-7.60455
Aghakilbrack,54.06618,-7.98731
Aghakilconnell,53.99421,-7.98408
Aghakilfaughna,53.94453,-7.85589
Aghakilmore,54.0181,-8.01599
Aghakilmore Lower,53.84249,-7.37383
Aghakilmore Upper,53.8331,-7.37501
Aghakine,53.83972,-7.59057
Aghakinnigh,54.16775,-7.67207
Aghakista,54.0903,-6.87701
Aghaknock,53.94043,-7.50951
Aghalacka,52.59162,-8.98549
Aghalackan,53.97272,-7.30565
Aghalahard,53.55734,-9.3057
Aghalasty And Ankersland,53.67511,-7.21479
Aghalateeve,53.61998,-8.43927
Aghalattafraal,53.88048,-7.21816
Aghalattive,55.15041,-7.89853
Aghalatty,55.1643,-7.76384
Aghalaverty,54.24754,-6.90869
Aghaleague,54.0478,-7.78781
Aghalee Beg,52.09497,-9.55681
Aghalee More,52.0938,-9.54818
Aghalenane,54.1013,-8.41335
Aghalenty,54.98928,-7.68383
Aghalile,53.99047,-6.74807
Aghalinane,51.74833,-8.97824
Aghalion,53.84652,-7.16179
Aghalisk,54.24103,-7.03428
Aghaliskeevan,54.36266,-6.9801
Aghalissabeagh,54.2631,-7.12514
Aghaloaghan,53.86998,-6.8276
Aghaloonteen,54.01858,-9.34687
Aghaloory,53.8611,-7.38629
Aghalough,54.56461,-7.84674
Aghaloughan,53.87375,-7.17047
Aghalour,53.8093,-8.547
Aghalusky,53.87291,-9.11252
Aghalust,53.68164,-7.77388
Aghalustia,53.87561,-8.5669
Aghamackalinn,54.38834,-7.0598
Aghamaddock,53.00123,-7.14957
Aghamafir,52.91914,-7.12728
Aghamannan,53.7956,-8.01679
Aghamarta,51.79584,-8.33598
Aghameelick,53.23982,-7.11304
Aghameelta,54.24592,-8.25336
Aghameelta Barr,54.27542,-8.26198
Aghameen,54.03815,-6.27293
Aghameeny,53.95428,-8.07018
Aghamilla,51.6281,-8.9355
Aghamore,53.02162,-7.52532
Aghamore Far,54.23128,-8.43986
Aghamore Lower,53.88272,-7.65746
Aghamore Near,54.23872,-8.45835
Aghamore North,52.3999,-9.71756
Aghamore South,52.3924,-9.72007
Aghamore Upper,53.82879,-7.64578
Aghamuck,53.70652,-8.10439
Aghamucky,52.80656,-7.17178
Aghanacrinna,52.36755,-9.67937
Aghanageeragh,53.69693,-7.6678
Aghanagh,54.03858,-8.33264
Aghanagran Lower,52.53627,-9.50494
Aghanagran Middle,52.54459,-9.50908
Aghanagran Upper,52.55075,-9.51539
Aghanahil,53.42464,-8.52858
Aghanahown,53.69579,-7.72394
Aghanameena,54.29932,-7.08723
Aghananimy,54.23822,-6.95669
Aghanapisha,53.51269,-7.79441
Aghanargit,53.39999,-7.73231
Aghanascortan,53.4559,-6.99774
Aghanashanamore,53.43153,-7.78665
Aghanboy,51.8921,-10.30338
Aghancarnan,53.32013,-7.50981
Aghancarra,53.95653,-8.06431
Aghancon,53.03592,-7.77991
Aghaneenagh,52.17992,-9.01256
Aghangaddy Glebe,55.01547,-7.66525
Aghanlish,54.4124,-8.28056
Aghanoran,53.84762,-7.53906
Aghanrush,53.21987,-7.43585
Aghantrah,53.68557,-7.85284
Aghanure,52.88103,-6.93141
Aghanursan,55.08906,-7.68484
Aghanvally,53.60642,-7.72131
Aghanvilla,53.21193,-7.32007
Aghanvoneen,53.40462,-7.83345
Aghany,53.18946,-8.29488
Agharah,53.97677,-6.96199
Agharahan,53.97138,-7.31974
Agharanagh,53.6214,-8.01486
Agharann,53.98658,-7.71463
Agharanny,53.39104,-7.80465
Agharaskilly,54.10167,-7.5914
Aghards,53.34497,-6.55007
Aghareagh,53.72295,-7.49841
Aghareagh Bog,53.71732,-7.85214
Aghareagh East,54.09832,-7.16211
Aghareagh West,54.11023,-7.23121
Agharevagh East,53.37777,-7.75393
Agharevagh West,53.38147,-7.83627
Aghareville Lower,53.76094,-9.00972
Aghareville Upper,53.75588,-9.01614
Agharickard,53.71988,-7.72648
Agharinagh,51.91768,-8.73661
Agharoosky,54.42803,-8.28837
Agharra,53.59471,-7.62857
Agharroo,54.45308,-8.33118
Agharrow,54.38891,-8.57436
Agharue,52.77791,-7.07128
Aghasheil,54.81285,-7.79956
Aghataharn,53.84355,-8.75283
Aghatamy,53.97728,-6.78702
Aghatawny Lower,54.04361,-7.79089
Aghatawny Upper,54.04229,-7.79372
Aghateeduff,54.03363,-7.32516
Aghateemore Glebe,53.99488,-7.22186
Aghateggal,53.93669,-7.30602
Aghaterry,52.86947,-7.06818
Aghateskin,54.03026,-6.69812
Aghathomas,53.57238,-6.85994
Aghatotan,54.04636,-7.15105
Aghatubbrid,55.25245,-7.1474
Aghatubrid,51.88892,-10.20948
Aghatubrid Beg,51.57216,-9.12689
Aghatubrid More,51.56915,-9.13492
Aghavadden,54.03498,-7.86144
Aghavaddy,53.91602,-7.28636
Aghavadrin,54.00801,-7.55545
Aghavannagh,52.92386,-6.41062
Aghavannagh Mountain,52.94417,-6.47037
Aghavannan Far,55.10365,-7.54962
Aghavannan Near,55.10175,-7.54207
Aghavanny,54.34979,-8.00944
Aghavas,53.95808,-7.71571
Aghaveagh,54.79629,-7.89253
Aghaveans,53.87955,-7.52213
Aghavilla,54.08767,-7.47403
Aghaville,51.65101,-9.36581
Aghaviller,52.46466,-7.27297
Aghavine,51.90563,-7.94547
Aghavoghil,54.40985,-8.22582
Aghavoher,54.08433,-7.56298
Aghavoneen,53.38293,-7.81781
Aghavore,53.97826,-7.6007
Aghavrin,51.93003,-8.82017
Aghawaracahill,53.89591,-8.0529
Aghaward,53.79593,-7.65113
Aghaway,54.01774,-7.18349
Aghawee,53.8821,-7.34172
Aghaweely Lower,53.89489,-7.40248
Aghaweely Upper,53.90867,-7.41096
Aghaweenagh,54.07666,-7.58725
Aghawerriny,53.69894,-8.08677
Aghawillin,54.07519,-7.72901
Aghawinnaun,53.09417,-9.03431
Aghawonan,53.81274,-7.24705
Aghawoney,55.04335,-7.7309
Aghayeevoge,54.66213,-8.41746
Aghclare,52.55173,-7.00387
Aghcross,52.87318,-7.04683
Aghduff,53.01331,-7.63379
Agheeshal,54.07437,-6.72926
Aghenderry,52.59447,-7.33965
Agher,53.45252,-6.74039
Agheracalkill,54.28467,-7.08339
Agheragh,53.88483,-6.91334
Agherakeltan,54.2915,-7.09444
Agheralane,54.11036,-6.8919
Aghern East,52.095,-8.15388
Aghern West,52.09339,-8.16361
Aghfarrell,53.23009,-6.4183
Aghills,51.56194,-9.19424
Aghilly And Lenynarnan,55.13534,-7.43295
Aghinaspick,53.65568,-7.79708
Aghinillard,53.97052,-6.81005
Aghinish,53.65302,-9.28078
Aghinraheen,52.60855,-7.34908
Aghintamy,54.23668,-6.91435
Aghintass,53.89696,-7.95989
Aghinteeduff,53.81838,-7.88386
Aghintemple,53.6997,-7.74152
Aghintober,53.95227,-8.0036
Aghlacon,54.29262,-8.11416
Aghlattacru,53.94488,-6.7304
Aghleam,54.12083,-10.11381
Aghlehard,54.92611,-7.6625
Aghlem,54.65511,-8.0298
Aghlin,54.06839,-7.91112
Aghlisk,53.54319,-8.81789
Aghloonagh,53.78249,-8.27497
Aghmacart,52.82301,-7.51347
Aghmagree,53.63151,-8.12278
Aghmakerr,54.0642,-6.83257
Aghmanister And Spital,51.62578,-8.77969
Aghnabohy,53.54893,-7.61049
Aghnacally,54.16704,-7.64537
Aghnacally Glebe,53.71669,-7.71408
Aghnaclea,54.15657,-6.92707
Aghnacliff,53.84387,-7.61162
Aghnaclue,53.87477,-6.97289
Aghnacollia,54.17174,-7.8015
Aghnacor,53.97335,-7.54402
Aghnacranagh,53.62819,-7.81736
Aghnacreevy,54.03949,-7.58126
Aghnacross,52.88845,-7.27009
Aghnacue,54.15353,-7.06928
Aghnadamph,54.15719,-6.66945
Aghnadaragan,54.03779,-7.2187
Aghnadrung,53.84297,-7.08138
Aghnafarcan,54.06291,-6.74602
Aghnagap,54.22504,-6.90427
Aghnagarron,53.79939,-7.49884
Aghnagillagh,53.45699,-7.05736
Aghnaglear,52.51443,-6.86056
Aghnaglogh,53.95847,-7.34257
Aghnagollop,54.03528,-8.02322
Aghnagore,53.72851,-7.90341
Aghnagrange,53.96023,-8.30584
Aghnagross,52.94979,-7.97113
Aghnaguig,54.06728,-7.40475
Aghnaha,54.36259,-6.9314
Aghnahaha,54.38049,-8.15338
Aghnahaia Glebe,53.90947,-7.34319
Aghnahederny,53.85083,-7.28885
Aghnahily,53.02436,-7.21204
Aghnahily Bog,53.03364,-7.23748
Aghnahola,54.12299,-7.25888
Aghnahoo,54.02648,-8.00475
Aghnahoo Glebe,54.53885,-7.85879
Aghnahunshin,53.82336,-7.91315
Aghnakeeragh,54.86548,-7.6209
Aghnamaddoo,53.78344,-7.77824
Aghnamallagh,54.23568,-7.06188
Aghnamard,54.14359,-7.2142
Aghnameadle,52.84656,-7.97806
Aghnameal,54.1916,-6.85096
Aghnamona,53.82795,-7.89568
Aghnamullen,54.09505,-6.95336
Aghnananagh,53.30274,-7.59325
Aghnaneane,53.8247,-6.85812
Aghnasedagh,54.24896,-6.9373
Aghnashalvy,54.25661,-7.13705
Aghnashannagh,53.78453,-7.6635
Aghnashingan,53.64359,-7.82522
Aghnasillagh,53.64305,-7.71532
Aghnaskea,53.68343,-7.87225
Aghnaskeagh,53.80456,-7.267
Aghnaskerry,53.99253,-7.35392
Aghnaskew,54.07587,-6.93766
Aghnasullivan,53.38608,-7.8369
Aghnasurn,54.02312,-8.25374
Aghnavar,54.40276,-6.99884
Aghnavealoge,53.62421,-7.58808
Aghody,52.99134,-7.77983
Aghoney,52.93411,-7.19312
Aghoo,54.0272,-7.80318
Aghoo East,54.02711,-7.7908
Aghoos,54.2466,-9.77079
Aghoo West,54.03354,-7.80391
Aghort,51.84438,-10.32452
Aghoutereery,53.8436,-7.29043
Aghowle Lower,52.99211,-6.16648
Aghowle Upper,52.75447,-6.60302
Aghpaudeen,53.26209,-6.70637
Aghraboy,53.11956,-7.68585
Aghrafinigan,54.01792,-8.22665
Aghragh,54.65152,-8.65999
Aghrane,53.54408,-8.33593
Aghsmear,52.90678,-7.79933
Aghtaboy,53.81597,-8.8737
Aghuldred,53.35309,-7.46228
Aghullaghy,53.99579,-7.52253
Aghwater,52.81452,-6.8176
Aghyohil Beg,51.70583,-8.8815
Aghyohil More,51.70841,-8.89019
Aghyowla,54.04866,-7.76768
Aghyrassy,53.38827,-7.46429
Aglish,52.98702,-8.99991
Aglish North,52.28445,-7.19776
Aglish South,52.27761,-7.20918
Agloragh,53.73141,-8.77991
Agrimhill,53.12333,-8.29952
Ahabeg,52.62701,-8.51455
Ahaclare,52.80079,-8.70188
Ahacore,52.63759,-8.43005
Ahadagh,52.38076,-8.89203
Ahadallane,52.02264,-8.69766
Ahaga,52.70304,-9.3471
Ahagilla,51.58598,-8.93124
Ahaglaslin,51.5722,-8.9996
Ahaglugger,53.25155,-9.15769
Ahakeera,51.7769,-9.04057
Ahakista,51.5999,-9.63219
Ahalahana,52.50389,-9.40005
Ahalisky,51.67968,-8.85022
Ahanagh,53.81353,-7.88083
Ahanaglogh,52.18927,-7.45565
Ahanduff Beg,53.17278,-8.31968
Ahanduff More,53.1755,-8.32087
Ahane,52.02854,-9.85451
Ahane Beg,52.0947,-9.1181
Ahaneboy,52.27754,-9.43012
Ahane Lower,52.09152,-9.1318
Ahane Upper,52.10101,-9.12741
Ahanroe,53.83003,-9.24695
Ahanure North,52.52454,-7.43196
Ahanure South,52.5192,-7.41553
Ahapouleen,53.22391,-8.95974
Ahare,52.71025,-6.18733
Aharinaghbeg,52.74765,-8.60351
Aharinaghmore,52.74788,-8.58191
Aharney,52.80717,-7.41507
Ahascra,52.46897,-9.61258
Ahascragh,53.39761,-8.33463
Ahascragh East,53.40001,-8.32713
Ahascragh West,53.39632,-8.33633
Ahasla,52.88563,-9.1128
Ahaun,53.56966,-8.60727
Ahaunboy North,52.12604,-8.00242
Ahaunboy South,52.11585,-8.00581
Ahaveheen,52.38673,-8.91517
Ahawilk,52.38871,-8.9955
Ahena,53.7124,-9.0893
Ahenny,52.41062,-7.39747
Ahenny Little,52.41656,-7.40173
Aherla,51.85367,-8.7326
Aherla Beg,51.85538,-8.75538
Aherla More,51.85509,-8.73013
Ahgloragh,53.50632,-8.78111
Ahidelake,51.60916,-8.8486
Ahil Beg,51.76531,-9.38137
Ahildotia,51.76113,-9.37606
Ahil More,51.75613,-9.3992
Ahimma,52.49102,-9.65088
Ahnagurra,52.35619,-8.36896
Aighan,54.64711,-8.38607
Aighe,54.73053,-8.43929
Aillbrack,52.89308,-9.34707
Ailldavore,52.82342,-9.19827
Aille,53.27525,-9.16016
Aillebaun,53.65466,-9.55777
Aillebrack,53.41367,-10.12918
Aillemore,52.80934,-8.51149
Aillenacally,53.42211,-9.89078
Aillenaveagh,53.52155,-9.91085
Aillroe Beg,52.62161,-9.18857
Aillroe More,52.64082,-9.18504
Aillvaun,52.94614,-8.65246
Aillwee,53.08637,-9.11063
Airgloony,53.52546,-8.8789
Akip,52.8827,-7.57125
Alasty,53.27172,-6.60356
Alderborough,53.24116,-7.33849
Alderford,54.072,-8.20232
Aldridge,52.21389,-6.90384
Aldworth,52.0946,-8.72898
Alexander Reid,53.64828,-6.64105
Alkill,54.25039,-6.86404
Alla,54.54115,-8.17503
Allagesh,54.26188,-7.10858
Allaghee Beg,51.85414,-10.36151
Allaghee More,51.81252,-10.33296
Allagh Island,55.07898,-8.36955
Allagour,53.24266,-6.37336
Allaphreaghaun,53.25796,-9.23187
Allardstown,53.9943,-6.48173
Allcollege,53.56842,-6.42893
Alleen,52.53021,-8.10958
Alleendarra East,53.03645,-8.43002
Alleendarra West,53.04119,-8.44904
Allenagh,53.74076,-7.75524
Allengort,52.66608,-7.95121
Allenstown Big,52.22044,-6.40063
Allenstown Demesne,53.67654,-6.83169
Allenstown Little,52.22464,-6.40554
Allenswood,53.37906,-6.4667
Allenwood,53.28395,-6.86185
Allenwood Middle,53.28576,-6.88734
Allenwood North,53.29411,-6.89087
Allenwood South,53.27841,-6.89641
Alliganstown,53.10011,-6.64426
Allihies,51.64733,-10.05146
Alloonbaun,53.38393,-8.48401
Alloon Lower,53.39235,-8.47874
Alloon Upper,53.3885,-8.49348
Allygola,53.11418,-8.46345
Allykeolaun,53.10561,-8.49005
Almondstown,53.78542,-6.27827
Alohart,52.02261,-9.68227
Alsmeed,54.16292,-6.65678
Alt,54.19484,-9.8932
Altachullion Lower,54.16466,-7.79168
Altachullion Upper,54.15506,-7.78564
Altadoo,54.6749,-8.16825
Altadush,54.9338,-7.96703
Altaghaderry,54.98995,-7.41219
Altagowlan,54.11324,-8.15441
Altahalla,55.24247,-7.40622
Altakeeran,54.11678,-7.89644
Altamira,52.27752,-8.79181
Altamont,52.73613,-6.72028
Altan,55.04196,-8.07823
Altanelvick,54.20667,-8.65302
Altans,54.24124,-8.84506
Altar,51.51973,-9.63806
Altartate Glebe,54.18143,-7.21733
Altashane,55.24877,-7.34751
Altaskin,54.93096,-7.47282
Altateskin,54.15157,-7.79509
Altatraght,54.82922,-8.02431
Altavilla,52.97115,-7.56781
Altavra,54.2145,-8.11886
Altbaun,53.86769,-9.05076
Altbeagh,53.97014,-7.1959
Altbrean,54.17071,-7.78106
Altclogh,54.70742,-8.64655
Altcor,54.69506,-8.29032
Altcrock,54.14685,-7.80612
Altderg,54.23181,-9.48843
Alteen,54.20416,-7.76241
Alteenacres Glebe,54.19405,-8.05844
Alternan Park,54.27075,-8.9015
Altidore Demesne,53.10735,-6.14658
Altilow,54.70547,-8.09956
Altinierin,54.91815,-7.96447
Altinure,54.15901,-7.76771
Altiquin,54.12413,-8.11688
Altlahan,54.87468,-7.96421
Alt Lower,54.77033,-7.5889
Altmush,53.83306,-6.80002
Altnabrocky,54.06456,-9.62054
Altnadarragh,54.16047,-7.81248
Altnagapple,54.73149,-8.38653
Altnapaste,54.79692,-7.92543
Altnasheen,54.18134,-7.93388
Altoghil,54.09791,-8.10346
Altore,53.69864,-8.68193
Alts,53.97764,-6.79761
Altshallan,54.17059,-7.91999
Alt Upper,54.75706,-7.60742
Altvelid,54.20091,-8.35652
Alva,52.72679,-9.41353
Amberhill,52.22536,-7.265
Ambrosetown,52.24987,-6.6689
America,53.32037,-8.07048
Amogan Beg,52.53142,-8.89962
Amogan More,52.51764,-8.89119
Amorset,54.31213,-8.19277
Anablaha,52.12685,-9.38762
Anaglog,53.81585,-6.5284
Anaharlick,51.7836,-9.02129
Anascaul,52.15108,-10.05675
Anatrim,52.9805,-7.56188
Anaverna,54.06642,-6.33151
Anbally,53.41992,-8.89743
Andresna,54.04342,-8.28532
Anglesborough,52.33716,-8.26968
Angliham,53.32192,-9.05935
Anglode,52.60946,-8.52099
Anglont,52.10167,-9.75457
Anglore,52.24245,-9.44816
Angram,51.643,-9.29221
Anhid East,52.50203,-8.71331
Anhid West,52.50055,-8.72628
Ankail,51.8325,-9.84489
Ankers Bower,53.41944,-7.92862
Anna Beg,52.20299,-9.47751
Annabella,52.14015,-8.66752
Annacarney,53.09079,-6.52564
Annacarriga,51.75885,-8.34964
Annacarty,52.56442,-8.11039
Annacatty,54.30682,-6.86427
Annacloghan,54.05586,-8.10036
Annacotty,52.66805,-8.53768
Annacramph,54.25879,-6.88539
Annacrivey,53.19172,-6.22225
Annacroff,53.96981,-6.67632
Annadale,52.09564,-9.76566
Annadrumman,54.09429,-6.69875
Annaduff,53.92259,-7.98946
Annaduff Glebe,53.92637,-7.97742
Annafarney,54.01139,-6.95452
Annagally,54.30855,-7.03865
Annagannihy,52.0171,-8.88326
Annagap,52.15892,-10.06773
Annagar,52.71482,-7.06835
Annagary,55.00603,-8.3197
Annagassan,53.88262,-6.34349
Annagelliff,53.98758,-7.34099
Annagerril,54.00548,-6.62268
Annagh,53.96121,-7.47823
Annaghaderg,54.01905,-7.91443
Annaghanerrig,53.11408,-7.95534
Annaghanmoney,53.97007,-6.62842
Annaghard,54.04692,-7.05391
Annagharnet,53.87275,-7.05517
Annagharvey,53.25559,-7.39496
Annaghaskin,53.21081,-6.17364
Annaghasna,53.97942,-7.95978
Annaghbeg,53.47268,-9.36975
Annagh Beg,51.79367,-8.60907
Annagh Bogs,52.2977,-8.75275
Annaghboy,54.24854,-8.18927
Annaghbrack,54.20451,-7.0666
Annaghbrack Glebe,53.18216,-7.57102
Annaghbradican,53.98025,-7.98576
Annaghbride,53.18931,-8.47167
Annaghcallow,53.21941,-8.20996
Annaghcarthy,54.12492,-8.32591
Annagh Central,52.73852,-6.35192
Annaghcooleen,53.80006,-7.86806
Annaghcor,54.08437,-8.3695
Annaghcorrib,53.25817,-8.10424
Annaghdaniel,53.8743,-7.64724
Annaghderg Lower,53.98486,-7.85276
Annaghderg Upper,53.98769,-7.84475
Annaghdown,53.39428,-9.07513
Annaghduff,54.05475,-7.33519
Annagheane,54.11194,-7.29158
Annaghearly,53.98855,-7.98966
Annagh East,53.40621,-9.04432
Annaghervy,54.23982,-7.05349
Annaghfin,52.51124,-6.4925
Annaghgap,52.75078,-6.36658
Annaghgerry,54.16347,-8.1121
Annaghgortagh,53.43847,-7.86917
Annaghgowan,54.05614,-8.29753
Annaghhill,52.74456,-6.37651
Annagh Hill,53.40339,-8.82339
Annaghierin,53.98201,-6.94501
Annaghilymore,52.09368,-9.35323
Annagh Island,53.98317,-9.86719
Annaghkeelaun,53.42563,-9.27993
Annaghkeen,53.44746,-9.19039
Annaghkeenty,53.99704,-7.96675
Annaghkilly,54.17435,-7.18924
Annaghlee,54.05932,-7.10038
Annagh Long,52.74721,-6.35097
Annagh Lower,54.17045,-8.04372
Annaghloy,54.05121,-8.3106
Annaghmaconway,53.94222,-7.81023
Annaghmacullen,53.95053,-7.77939
Annaghmaghera,53.79976,-8.54753
Annaghmagurthan,53.97435,-8.13819
Annaghmartin,54.22823,-7.11489
Annagh Middle,52.72934,-6.36203
Annaghminnan,53.95141,-6.61357
Annaghmona,53.97031,-8.14729
Annaghmore,53.88834,-7.79282
Annagh More,51.79344,-8.63217
Annaghmore And Annaghbeg,53.13054,-7.73389
Annaghmore East,53.51068,-8.55145
Annaghmore West,53.51092,-8.58462
Annaghnamaddoo,53.97412,-7.97206
Annaghneal,52.88545,-8.67687
Annagh North,52.30029,-8.73389
Annaghoash,54.07092,-7.30789
Annaghoney,53.87176,-7.77588
Annaghraw,54.12768,-7.31228
Annaghs,52.37755,-6.97711
Annaghselherny,53.98547,-7.97361
Annagh South,52.29099,-8.72958
Annagh Upper,54.18554,-8.03187
Annaghvaan,53.31535,-9.64599
Annaghvacky,54.03542,-6.54676
Annagh West,53.40242,-9.0569
Annaghwood,53.46214,-9.34374
Annaghybane,54.12735,-7.0645
Annaghyduff,54.12851,-7.07907
Annagleve,54.09184,-6.76754
Annaglogh,54.18487,-6.76738
Annagloor,52.06862,-9.1144
Annagola,54.2392,-7.04114
Annagolan,53.02742,-6.19435
Annagor,53.67311,-6.36625
Annagose,54.1727,-7.1121
Annahagh,54.25132,-6.95423
Annahagh North,54.25945,-7.13679
Annahagh South,54.23447,-7.13474
Annahaia,54.08912,-6.86175
Annahalabog,51.87971,-8.97393
Annahala East,51.88353,-8.98593
Annahala West,51.87907,-9.00536
Annahale,54.10852,-6.72471
Annahean,53.92291,-6.66124
Annaholty,52.72917,-8.45585
Annahuby,54.20049,-6.87986
Anna Island,55.02386,-8.4246
Annakisha,52.17396,-8.57671
Annakisha North,52.18579,-8.58389
Annakisha South,52.1783,-8.56533
Annalecka,53.86817,-9.28291
Annaleck Lower,52.59048,-7.03702
Annaleck Upper,52.58181,-7.03229
Annalecky,53.03583,-6.64309
Annalittin,54.08801,-6.70585
Annalough,53.03271,-6.78674
Annaloughan,54.01217,-6.27557
Annamacneill,54.1642,-6.92893
Annamakiff,54.18282,-7.1641
Annamarran,53.93711,-6.66552
Annamoe,53.15044,-7.24162
Anna More,52.20122,-9.46354
Annamult,52.55776,-7.20569
Annaneese,54.11974,-6.91528
Annareagh North,54.30854,-6.87187
Annareagh South,54.29001,-6.86869
Annaroe,54.21356,-6.91946
Annaseeragh,54.23067,-6.83758
Annaskinnan,53.49173,-7.12217
Annaslee,55.10074,-7.39116
Annaveagh,54.12906,-7.27479
Annayalla,54.16641,-6.79566
Annees,51.73324,-9.23302
Annefield,51.71386,-8.43418
Annesgift,52.49224,-7.73085
Annesgrove,52.19429,-8.47758
Annestown,52.1428,-7.27815
Anneville,52.95664,-9.07334
Annfield,53.37399,-6.4073
Anngrove,51.91776,-8.28431
Annies,54.04113,-6.40737
Annistown,51.94297,-8.03915
Annsbrook,53.52455,-6.23383
Anny,54.10685,-6.98324
Annyalty,54.25239,-7.05516
Annyart,54.13038,-6.72496
Annyeeb,54.24276,-7.0819
Annyerk,54.25095,-7.06239
Anny Far And Near,55.15241,-7.57286
Anrittabeg,53.66959,-8.05039
Anskert,53.87602,-7.78614
Anster,52.89113,-7.44901
Antfield,53.90415,-7.95158
Antylstown,53.68625,-6.66543
Anveyerg,54.08627,-6.93616
Aphort,54.97983,-8.54785
Applefort,52.79962,-8.81109
Appletown,52.38297,-8.98326
Applevale,52.93072,-9.11887
Ara,53.8548,-9.11221
Arabela,52.24809,-9.59704
Araghty,53.55768,-8.27254
Araglin,52.20716,-8.10662
Aran Island,54.99918,-8.52998
Arbatt,54.88449,-7.98317
Arbourhill,52.53226,-7.74105
Archdeaconry Glebe,53.73608,-6.88277
Archersgrove,52.64089,-7.22936
Archersleas,52.63559,-7.27069
Archersrath,52.65912,-7.21792
Archerstown,52.81456,-7.40509
Archerstreet Lot,52.64338,-7.24644
Arch Hall,53.72193,-6.73455
Arclintagh,54.18562,-6.84885
Ard,53.43081,-9.24463
Ardabaun,52.15427,-9.77656
Ardabrone,54.25575,-8.69895
Ardacarha,53.91597,-9.07934
Ardachrin,54.93919,-8.03029
Ardacluckeen,52.0779,-9.77084
Ardacluggin,51.67999,-9.99582
Ardacong,53.54011,-8.85428
Ardacrow,51.6642,-8.71585
Ardadam,52.23775,-8.58866
Ardagannive,51.66006,-9.80502
Ardaganny,54.91878,-7.73669
Ardagawna,53.4125,-8.01385
Ardagh,51.63553,-9.83966
Ardagh Demesne,53.67058,-7.69464
Ardagh East,51.58749,-9.04321
Ardagh North,51.50578,-9.32469
Ardagh South,51.49713,-9.32988
Ardagh West,51.58149,-9.04129
Ardaghy,54.08474,-6.29106
Ardaghy Glebe,54.65748,-8.29216
Ardaghy Kill,54.22216,-6.99021
Ardagilla,51.507,-9.26888
Ardagullion,53.73312,-7.53736
Ardahee,54.92968,-7.79902
Ardahill,51.58521,-9.7135
Ardakillin,53.76118,-8.18581
Ardakip Beg,54.22382,-8.30361
Ardakip More,54.21928,-8.30993
Ardaloo,52.71548,-7.30734
Ardamadane,51.94842,-8.56812
Ardamagh,54.06246,-7.29037
Ardamore,52.20279,-10.36934
Ardamullivan,53.00878,-8.82952
Ardan,54.06002,-7.45158
Ardanaffrin,53.91835,-8.02959
Ardanairy,52.86263,-6.07476
Ardane,53.16692,-8.32009
Ardaneanig,52.05421,-9.43935
Ardaneer,52.60266,-9.08772
Ardaneneen,51.84574,-8.95996
Ardanenig,51.60364,-9.66938
Ardanew,53.48262,-6.87991
Ardanragh,53.61089,-7.62674
Ardanreagh,52.50101,-8.54611
Ardaprior,52.22965,-8.77705
Ardara,54.76761,-8.41049
Ardaragh East,51.64066,-9.79707
Ardaragh West,51.63355,-9.80482
Ardaravan,55.13344,-7.44914
Ardarawer,54.96898,-7.70059
Ardardagh,53.96136,-7.19551
Ardarostig,51.8688,-8.5326
Ardarou,52.06504,-8.41995
Ardarragh,53.99105,-7.51985
Ardarrig,51.87051,-8.43576
Ardass,53.7698,-8.44558
Ardataggle,52.75475,-8.53848
Ardatedaun,52.20024,-9.6915
Ardateggle,52.83466,-7.04909
Ardatowel,54.69948,-8.0199
Ardattin,52.7578,-6.70953
Ardaturr,54.99035,-7.94515
Ardaturrish Beg,51.73091,-9.50244
Ardaturrish More,51.72586,-9.49184
Ardaturr Mountain,54.98609,-7.9808
Ardaun,53.28484,-8.96224
Ardaun East,53.52743,-9.34318
Ardaun West,53.5293,-9.35411
Ardavagga,53.00175,-7.92917
Ardavullane,52.43656,-8.2304
Ardawarry,53.47733,-8.76631
Ardballan,53.84803,-6.31718
Ardballymore,53.36809,-7.54713
Ardbane,55.21404,-7.85616
Ardbash,53.32495,-7.0996
Ardbaun,52.69707,-7.83139
Ardbear,53.48221,-10.02905
Ardbearn,52.77363,-6.81311
Ardbearn And Torman,52.76029,-6.79637
Ardbeg,52.24807,-10.06997
Ardberreen,53.2278,-8.34518
Ardboghil,53.67131,-7.63299
Ardbohil,52.50294,-8.97803
Ardboley North,53.79506,-9.12452
Ardboley South,53.78743,-9.12448
Ardbolies,53.81298,-6.30739
Ardbooly Lower,52.89803,-8.77469
Ardbooly Upper,52.90096,-8.78088
Ardborra,53.47286,-7.73502
Ardboy,52.6613,-7.30145
Ardbraccan,53.65394,-6.75648
Ardbrack,51.70637,-8.50706
Ardbrackan,53.54254,-6.71852
Ardbrennan,53.49276,-7.58864
Ardbuckan,53.46686,-7.73257
Ardcahan,51.75772,-9.08567
Ardcalf,53.74274,-6.57952
Ardcanaght,52.16471,-9.73603
Ardcandrisk,52.35245,-6.54635
Ardcarn,53.96492,-8.20614
Ardcarney,52.89504,-8.99192
Ardcath,53.60913,-6.39165
Ardcavan,52.35775,-6.44515
Ardchamoyle,53.94005,-8.14809
Ardchicken,54.6431,-8.11568
Ardclogh,53.29045,-6.57645
Ardclone,52.34023,-7.33032
Ardcloon,53.61938,-8.82337
Ardcloony,52.77025,-8.4775
Ardcloyne,51.71711,-8.57257
Ardcolagh,53.90068,-8.2902
Ardcollum,54.08824,-8.09937
Ardcolm,52.37418,-6.43772
Ardcolman,53.44952,-8.21639
Ardcolum,54.04161,-8.06418
Ardconnell,52.34678,-9.78436
Ardconra,53.95754,-8.18497
Ardcoohig,51.60313,-8.7204
Ardcorcoran,53.94338,-8.30204
Ardcorky,53.76936,-9.14745
Ardcost,51.90151,-10.26961
Ardcotten,54.1833,-8.50789
Ardcree,54.1546,-8.55529
Ardcrone,52.18727,-9.54999
Ardcrony,52.93762,-8.1617
Ardcullen,52.46806,-9.65224
Ardcullen-Marshes,52.46305,-9.63854
Ardcumber,54.13858,-8.40628
Ardcurley,54.15968,-8.47433
Ardderroo,53.34217,-9.30081
Ardderrynagleragh,53.44668,-9.52824
Arddrine,52.44922,-9.01231
Ardea,51.69855,-9.02604
Ardeamush,53.03229,-9.32507
Ardeash,53.9463,-8.22391
Ard East,53.31989,-9.87233
Ardee,54.997,-7.55801
Ardeelan Lower,54.54931,-8.2063
Ardeelan Upper,54.54595,-8.19803
Ardeen,51.93566,-9.08632
Ardeenloun East,52.22451,-7.32298
Ardeenloun West,52.22078,-7.33275
Ardeevin,54.69311,-8.02519
Ardellis Lower,53.05441,-6.92001
Ardellis Upper,53.04753,-6.92111
Ardenagh Great,52.2957,-6.69116
Ardenagh Little,52.30301,-6.69797
Arderra,52.31662,-7.2272
Arderrawinny,51.52683,-9.62087
Arderrow,51.92212,-8.44405
Arderry,54.12255,-7.73479
Ardeskin,54.64853,-8.09853
Ardfarn,54.46816,-8.25701
Ardfert,52.32739,-9.76931
Ardfert Oughter,52.3189,-9.79487
Ardfield,51.56697,-8.91024
Ardfinnan,52.31467,-7.8848
Ardfintan,53.47501,-9.13702
Ardfrail,53.78306,-7.18314
Ardfry,53.23755,-8.97432
Ardgaineen,53.40937,-8.94272
Ardgallagher,53.86747,-8.03917
Ardgallin,53.94649,-8.37389
Ardgeeha,52.36127,-7.72475
Ardgeeha Lower,52.36817,-7.71187
Ardgeeha Upper,52.37042,-7.71116
Ardgehane,51.60319,-8.80528
Ardgillan Demesne,53.58781,-6.16041
Ardgillew,54.52671,-8.16006
Ardginny,54.4071,-7.03359
Ardgivna,54.24522,-8.78596
Ardglare,52.26683,-8.20789
Ardglass,52.3161,-8.75215
Ardglassan,53.71205,-7.03794
Ardglushin,54.06849,-7.23942
Ardgort,51.44549,-9.47722
Ardgoulbeg,52.54573,-8.97854
Ardgoul North,52.55785,-8.97248
Ardgoul South,52.55356,-8.96262
Ardgraigue,53.17923,-8.24755
Ardgreagh,53.58336,-6.77433
Ardgregane,52.88316,-8.27204
Ardgroom,51.7335,-9.89694
Ardgroom Inward,51.74232,-9.90966
Ardgroom Outward,51.73493,-9.86976
Ardhoom,53.93625,-9.04374
Ardillaun,53.51731,-9.31532
Ardillon,53.49685,-7.3071
Ardinawark,54.70763,-7.9854
Ardinode East,53.1237,-6.64268
Ardinode West,53.1201,-6.6523
Ardintenant,51.52226,-9.51553
Ardivaghan,53.52629,-7.38607
Ardkearagh,51.8003,-10.16702
Ardkeel,53.62359,-8.23116
Ardkeen,53.84336,-9.60002
Ardkeenagh,53.9358,-8.27062
Ardkeenan,53.3859,-8.05058
Ardkeeran,54.12556,-8.4007
Ardkill,53.36216,-6.94479
Ardkill Beg,53.92043,-7.32812
Ardkilleen,51.75769,-8.9687
Ardkill More,53.9187,-7.34009
Ardkilly,51.68163,-8.53217
Ardkilmartin,52.4113,-8.56269
Ardkirk,54.06648,-6.67059
Ardkitt East,51.72521,-8.91142
Ardkitt West,51.72681,-8.92472
Ardkyle,52.73168,-8.82566
Ardla,53.5753,-6.13667
Ardlaghas,52.0795,-9.72764
Ardlagheen Beg,53.69789,-8.3129
Ardlagheen More,53.70831,-8.30831
Ardlahan,52.641,-8.8151
Ardlaman,52.54714,-8.9974
Ardlaraghan,53.81824,-6.48216
Ardlavagh,53.9273,-8.16418
Ardlea,52.98024,-7.38417
Ardleag,52.20678,-8.46416
Ardleckna,53.86927,-8.1499
Ardlee,53.9027,-8.96812
Ardleebeg,54.17408,-8.40669
Ardlenagh,54.63339,-8.1218
Ardleny,53.86468,-7.37594
Ardline,54.07456,-8.22403
Ardloman,52.43732,-8.19718
Ardlona,53.94374,-8.40888
Ardlonan,53.78525,-6.81518
Ardlougher,54.06303,-7.57632
Ardloughill,54.47335,-8.17162
Ardlow,53.85825,-7.03714
Ardloy,54.09791,-8.40636
Ardmaclancy,52.77044,-8.79226
Ardmacroan,53.89044,-8.03716
Ardmaghbreague,53.83086,-6.83656
Ardmalin,55.36998,-7.37459
Ardmanagh,51.53832,-9.56338
Ardmartin,51.71636,-8.54793
Ardmayle,52.5694,-7.92253
Ardmayle East,52.5683,-7.91068
Ardmayle West,52.56709,-7.92995
Ardmeelode,52.14859,-9.67949
Ardmeen,54.97384,-8.26721
Ardmeenan,54.03834,-7.78197
Ardminnan,54.04201,-8.55146
Ardmone,53.98334,-7.07352
Ardmone East,53.98668,-7.06863
Ardmoneel,52.09667,-9.78314
Ardmoneen,54.11315,-7.83189
Ardmone West,53.97842,-7.0875
Ardmoran,53.55251,-9.14678
Ardmore,52.93725,-9.23116
Ardmore Point,54.18638,-10.01612
Ardmorney,53.38177,-7.44428
Ardmoyle,53.92381,-8.38529
Ardmulchan,53.66928,-6.63219
Ardmullan,53.48744,-8.07425
Ardnableask,54.69609,-8.01488
Ardnaboha,51.71286,-8.4611
Ardnabourkey,51.81838,-8.2299
Ardnaboy,52.86727,-6.49538
Ardnacally,53.69657,-9.14012
Ardnacassagh,53.72734,-7.78041
Ardnacloghy,51.73467,-9.4289
Ardnaclug,51.76266,-8.6799
Ardnacraa,52.95627,-9.43027
Ardnacrany North,53.52306,-7.7593
Ardnacrany South,53.50644,-7.75781
Ardnacrohy,52.4286,-9.03579
Ardnacross Island,53.29816,-9.88051
Ardnacrusha,52.7091,-8.61394
Ardnacrushy,51.9274,-9.00122
Ardnacullia North,52.93632,-9.29548
Ardnacullia South,52.92661,-9.30854
Ardnaditian,54.98502,-7.59698
Ardnadoman East,53.21217,-8.61111
Ardnadoman West,53.21075,-8.62273
Ardnagall,53.586,-8.84666
Ardnagalliagh,54.58138,-8.1446
Ardnagannagh,54.78569,-7.67749
Ardnagappary,55.07162,-8.29429
Ardnagashel,51.72373,-9.47553
Ardnagassan,54.65125,-8.04436
Ardnagassane,52.58996,-8.18192
Ardnageeha,52.12151,-9.09804
Ardnageehy,52.31964,-8.69225
Ardnageehy Beg,51.67976,-9.41967
Ardnageehy East,52.02478,-8.38221
Ardnageehy More,51.67651,-9.42811
Ardnageehy West,52.02221,-8.39743
Ardnagla,52.71764,-9.09886
Ardnaglass,54.8135,-7.55733
Ardnaglass Lower,54.3852,-8.50969
Ardnaglass Upper,54.37448,-8.48141
Ardnaglew,53.36168,-7.45908
Ardnaglug,53.36994,-8.1569
Ardnagno,53.10822,-8.9305
Ardnagor,54.20519,-9.31577
Ardnagowna,53.84863,-8.16718
Ardnagragh,53.46626,-7.81236
Ardnagreevagh,53.60304,-10.02546
Ardnagrena,51.49378,-9.38097
Ardnagroghery,51.51984,-9.40395
Ardnagross,53.03253,-6.91887
Ardnahea,52.95762,-9.39009
Ardnahinch,51.85459,-8.01353
Ardnahow,52.16643,-7.2571
Ardnamanagh,51.71768,-9.48653
Ardnamoghill,54.965,-7.41291
Ardnamoher,52.40256,-8.2601
Ardnamullagh,53.72639,-8.41497
Ardnamullan,53.44751,-7.06585
Ardnamweely,52.06755,-9.51588
Ardnanagh,53.62693,-8.20081
Ardnanean,52.49874,-8.97565
Ardnanure,53.40085,-8.05433
Ardnaponra,53.39366,-7.69944
Ardnapreaghaun,52.52034,-8.86986
Ardnaree,55.0615,-7.63423
Ardnasallem,54.31762,-6.99577
Ardnasillagh,53.41919,-9.2681
Ardnasodan,53.4086,-8.79039
Ardnasool,54.84759,-7.56113
Ardnaveagh,52.51853,-8.9764
Ardneeskan,54.13969,-8.43144
Ardnehue,52.83381,-6.83385
Ardnurcher,53.40175,-7.59296
Ardnurcher Glebe,53.38098,-7.57969
Ardobireen,52.49749,-8.02429
Ardocheasty,51.94366,-7.73416
Ardogeena,51.61261,-9.52658
Ardogelly,54.2502,-8.78029
Ardoghil,53.57481,-7.83317
Ardoginna,51.94363,-7.74808
Ardogommon,53.78874,-9.48191
Ardohill,52.43916,-8.32863
Ardoley,53.78107,-9.55326
Ardonan,54.05387,-7.45497
Ardoohy,54.14953,-7.44427
Ardoslough,53.59123,-8.55126
Ardough,52.80285,-7.06076
Ardoughan,54.12367,-9.17782
Ardoughter,52.46203,-9.70688
Ardour,53.57658,-9.01828
Ardowen,54.23503,-10.04594
Ardowen Common,54.23989,-10.03083
Ardoyne,52.78516,-6.69163
Ardpaddin,52.2878,-7.78405
Ardpatrick,52.33935,-8.5353
Ardpattan,54.53153,-8.16534
Ardra,53.95185,-7.53854
Ardra Beg,51.8219,-8.17371
Ardragh,54.0089,-6.85242
Ardrah,51.82076,-8.84507
Ardrahan,53.15643,-8.80587
Ardrahan North,53.1594,-8.80784
Ardrahan South,53.1533,-8.81611
Ardraheen Beg,54.0251,-8.55012
Ardraheen More,54.02113,-8.55148
Ardrahin,52.39291,-8.2993
Ardraly,51.53687,-9.34354
Ardra More,51.81958,-8.1622
Ardranny Beg,53.26012,-8.29271
Ardranny More,53.2515,-8.29406
Ardrass,54.05119,-9.1005
Ardrass Lower,53.3287,-6.58651
Ardrass Upper,53.32248,-6.5917
Ardraw,52.08608,-9.72021
Ardrea,54.09939,-8.48314
Ardreagh,52.716,-7.57469
Ardree,52.97416,-6.96405
Ardrew,52.98235,-6.99165
Ardrinane,52.14346,-10.052
Ardristan,52.77926,-6.75701
Ardroe,52.14781,-9.98973
Ardros,53.31599,-8.38612
Ardross,52.40119,-6.93865
Ardrum,51.9164,-8.65536
Ardrumkilla,53.51354,-8.97708
Ardrumman,55.00679,-7.63182
Ardrums Great,53.43663,-6.75933
Ardrums Little,53.44078,-6.76893
Ardrush,52.93792,-9.16952
Ards,55.16014,-7.8787
Ardsallagh,53.61445,-6.65971
Ardsallagh Beg,53.62229,-8.18246
Ardsallagh More,53.62842,-8.18007
Ards Beg,51.72539,-9.34916
Ards Big,55.01932,-7.68617
Ardscradaun,52.64062,-7.26322
Ardscull,53.01664,-6.91692
Ardshanavooly,52.06234,-9.50042
Ardshanbally,52.574,-8.78932
Ardsheelhane East,51.86883,-9.8828
Ardsheelhane West,51.85925,-9.89106
Ardskea Beg,53.43518,-8.8302
Ardskeagh,52.80751,-8.62456
Ardskea More,53.42169,-8.85606
Ards Little,55.01852,-7.70611
Ards More,51.7239,-9.3631
Ardsmore Mountain,55.09153,-8.1884
Ardsollus,52.80021,-8.89379
Ardsoreen,53.92854,-8.40174
Ardteegalvan,52.04633,-9.39425
Ardtermon,54.33763,-8.63194
Ardtomin,52.5703,-8.9505
Ardtrasna,54.36726,-8.61733
Ardtully,51.90291,-9.48628
Ardtully Beg,53.99295,-6.17873
Ardtully More,53.99556,-6.16995
Ardue,54.10499,-7.53484
Ardultagh,53.21044,-8.26858
Ardun,54.7988,-8.22232
Arduns,55.03243,-8.21673
Ardunsaghan,54.03589,-7.73
Ardura Beg,51.55877,-9.41654
Ardura More,51.56847,-9.42841
Arduslough,51.47203,-9.74744
Ardvagh,54.19596,-7.87842
Ardvally,54.74785,-8.39646
Ardvarna,53.4244,-9.31447
Ardvarney,52.92054,-7.58885
Ardvarnock Glebe,54.87104,-7.6482
Ardvarny,53.93476,-7.35624
Ardvone,52.48868,-9.06692
Ard West,53.32265,-9.87832
Ardydonagan,52.39665,-9.46518
Ardyduffy,53.4298,-7.79266
Ardyhoolihane,51.6588,-9.47681
Ardykeohane,52.47483,-8.53597
Ardyoul,52.40639,-8.58607
Ardywanig,52.14827,-9.66156
Arigna,54.07634,-8.11252
Arignagh,53.65896,-8.35397
Arkeen Beg,53.44057,-9.89685
Arkeen More,53.44455,-9.9124
Arklow,52.27127,-6.79407
Arlands,55.00189,-8.43573
Arlinstown,51.77601,-8.54351
Arlonstown,53.55862,-6.62962
Arm,53.7669,-8.51147
Armyhill,52.86842,-7.96239
Arnaghan,53.86995,-7.56929
Arnasbrack,54.20928,-8.42694
Arnestown,52.37796,-6.92052
Aroddy,54.00777,-7.86431
Arodstown,53.49441,-6.66988
Arpinstown,52.2837,-6.57603
Arraghan,53.82947,-8.42073
Arragh Beg,53.04743,-8.01108
Arragh More,53.05915,-8.03653
Arraglen,52.26635,-10.24868
Arragorteen,52.63313,-6.29403
Arranagh,52.4059,-9.07842
Arrigal,53.80589,-6.7343
Arroo,54.41219,-8.25319
Arrybreaga,52.51255,-8.30338
Arryheernabin,55.26878,-7.63979
Artane,53.383,-6.20514
Arthurstown,53.23056,-6.57231
Arthurstown Little,53.90147,-6.56847
Artidowney,54.09213,-7.51216
Artikellys,54.88203,-7.71066
Artiteige,51.66969,-8.63596
Artnalevery,53.87824,-6.58121
Artonagh,54.05778,-7.4972
Artoney,53.9476,-6.55434
Artramon,52.38181,-6.48393
Arundelmills,51.6135,-8.84816
Arvagh,53.92144,-7.57992
Arywee,52.57213,-8.57801
Ash Big,53.98698,-6.51967
Ashbourne,53.51116,-6.39738
Ashbrook,53.29154,-8.4661
Ashbury,52.96587,-7.77909
Ashfield,53.31218,-6.3801
Ashfield Demesne,53.01999,-8.84476
Ashford,53.53802,-9.29457
Ashfort,52.60333,-8.67151
Ashglen,52.54375,-7.16183
Ashgrove,54.06298,-7.43343
Ashhill,52.59683,-7.79836
Ash Hill,52.39732,-8.58599
Ash-Hill,52.23123,-9.62604
Ashleypark,52.93104,-8.18723
Ash Little,53.98233,-6.52682
Ashpark,53.57945,-6.41212
Ashroe,52.68315,-8.39839
Ashtown,53.37541,-6.34271
Ashwell's-Lot,52.51224,-7.89527
Ashwood Lower,52.75861,-6.19321
Ashwood Upper,52.7648,-6.19556
Ask,52.70209,-6.26128
Askabeg,52.47823,-6.40118
Aska Beg,52.66616,-6.49452
Askaheige,52.69439,-6.63664
Askakeagh,52.84626,-6.42116
Askakeel,52.73259,-6.43592
Askamore,52.67241,-6.47976
Aska More,52.67356,-6.47487
Askanagap,52.87127,-6.42638
Askasilla,52.45927,-6.38788
Aske,53.21904,-6.12379
Askeaton,52.59545,-8.97002
Askill,54.45211,-8.19054
Askillaun,53.75808,-9.85503
Askinamoe,52.60963,-6.52216
Askinch Lower,52.78166,-6.26279
Askinch Upper,52.78835,-6.2713
Askinfarney,52.47388,-6.77196
Askingarran Lower,52.60351,-6.21656
Askingarran Upper,52.60378,-6.23132
Askintinny,52.76501,-6.1539
Askinvillar Lower,52.55036,-6.7555
Askinvillar Upper,52.55228,-6.77205
Askunshin,52.52583,-6.61396
Asnagh,53.72823,-7.55234
Assagart,52.35582,-6.72854
Assaly Great,52.2631,-6.45204
Assaly Little,52.25997,-6.45976
Assan,53.90655,-7.15361
Assaun,53.89088,-8.22254
Assey,53.5876,-6.68182
Assolas,52.17101,-8.84467
Astagob,53.36181,-6.39599
Astee,52.55184,-9.56
Astee East,52.55675,-9.54804
Astee West,52.55462,-9.56843
Astrish Beg,54.37881,-6.96378
Astrish More,54.37983,-6.95271
Atateemore,52.31575,-7.08479
Athasselabbey North,52.4836,-7.99857
Athasselabbey South,52.47909,-8.00833
Athboy,53.62363,-6.91565
Athcarne,53.62063,-6.44639
Athclare,53.81668,-6.39928
Athdown,53.17682,-6.39692
Athea,52.46099,-9.28962
Athea Lower,52.46738,-9.32396
Athea Upper,52.45047,-9.31416
Athenboy,53.71026,-7.46119
Athenry,53.29607,-8.75127
Athgaine Great,53.6833,-6.84546
Athgaine Little,53.69032,-6.84497
Athgarrett,53.18895,-6.57303
Athgarvan,53.15289,-6.7777
Athgoe,53.28526,-6.51285
Athgoe North,53.29087,-6.52492
Athgoe South,53.28451,-6.5306
Athgreany,53.0722,-6.61505
Athlacca,52.45801,-8.65008
Athlacca North,52.46104,-8.66669
Athlacca South,52.452,-8.66381
Athleague,53.5674,-8.26009
Athlone,53.42701,-7.94291
Athlone And Bigmeadow,53.41999,-7.94653
Athlummon,52.68962,-7.74147
Athlumney,53.64847,-6.67164
Athlunkard,52.68198,-8.60463
Athnid Beg,52.72067,-7.76615
Athnid More,52.72246,-7.77725
Athroe,53.84458,-8.29592
Athronan,53.54238,-6.64451
Athry,53.45054,-9.79465
Athy,52.99127,-6.98142
Atshanboe,52.67788,-7.98351
Attanagh,52.83329,-7.35323
Attatantee,55.07833,-8.2226
Attateenoe Lower,52.52218,-7.44287
Attateenoe Upper,52.52614,-7.45157
Attavally,53.76338,-9.30287
Atteagh,53.46149,-8.06697
Attiaghygrana,53.8837,-8.22079
Attiantaggart,53.93501,-8.5973
Attiappleton,53.97378,-9.2397
Attiballa,53.79133,-8.23988
Attiblaney,53.38345,-7.58457
Attibrassil,53.28232,-8.29835
Atticahill,53.88491,-9.14022
Attichree,54.18429,-9.07273
Atticlogh,53.51114,-10.01029
Atticloghy,54.22928,-9.32212
Atticoffey East,53.26085,-8.23934
Atticoffey West,53.25845,-8.24396
Atticonaun,54.21047,-9.94928
Atticonor,53.34487,-7.43819
Atticorra,53.34429,-8.20506
Attidavock,53.52575,-8.568
Attidermot,53.29575,-8.32459
Attiduff,54.36551,-6.98719
Attifarry,53.56518,-8.37515
Attifineen,53.00053,-8.8612
Attifinlay,53.94643,-8.07845
Attiflynn,53.65848,-8.69525
Attigara,53.10413,-8.24386
Attigoddaun,53.54868,-10.1279
Attikee,53.22783,-8.29162
Attiknockan,53.54174,-8.21482
Attimachugh,54.01173,-9.02212
Attimanus,53.97291,-7.94033
Attimany,53.3524,-8.58493
Attimonbeg,53.32869,-8.62104
Attimonmore North,53.32415,-8.6209
Attimonmore South,53.31716,-8.62247
Attimurtagh,53.37594,-7.74961
Attinadague,54.97565,-7.99767
Attinaskollia,54.00356,-8.96139
Attinkee,53.21015,-7.92055
Attiquin,51.90164,-8.08627
Attireesh,53.81033,-9.52419
Attiregan,53.37042,-8.44367
Attirory,53.93944,-8.07735
Attirowerty,53.5341,-9.96738
Attishane,54.14443,-9.37069
Attiville,54.02177,-8.48923
Attybrick,52.53015,-8.08676
Attycristora,52.92655,-9.33255
Attyflin,52.58472,-8.71699
Attyjames,52.42698,-7.4423
Attykit,52.46629,-7.86205
Attymass,54.05132,-9.08326
Attymon,53.323,-8.60859
Attyshonock,53.31018,-9.1218
Attyslany North,53.02241,-8.90413
Attyslany South,53.01467,-8.90725
Attyterrila,52.90122,-8.98959
Auburn,53.44248,-6.18702
Aubwee,53.31014,-9.14689
Aucloggeen,53.39892,-8.96632
Augeris,51.87044,-9.22854
Aughabrack,51.67087,-9.99048
Aughacasla North,52.2423,-9.98906
Aughacasla South,52.23548,-9.98413
Aughagarna,52.69834,-9.45811
Aughagault,54.86914,-7.72784
Aughagault Big,54.86333,-7.74319
Aughaleigue Beg,51.57722,-9.75278
Aughaleigue More,51.57553,-9.73771
Aughalin,52.46196,-8.94351
Aughall Beg,52.79464,-7.8032
Aughall Middle,52.79993,-7.80286
Aughall More,52.78877,-7.81325
Aughane,51.84979,-8.14204
Aughanna,52.24094,-10.07082
Aughans,53.19323,-7.38318
Aughathlappa,52.51925,-6.70807
Aughatubbrid,52.88073,-7.19674
Aughavanlomaun,52.23592,-7.77099
Aughavehir,52.76212,-8.31289
Aughavinna,53.01588,-9.35897
Aughboy,52.74022,-8.54251
Aughclare,52.33139,-6.92177
Aughermon,52.28532,-6.67981
Aughernagalliagh,54.27219,-10.05942
Augherskea,53.50413,-6.61757
Aughfad,52.30583,-6.64257
Aughils,52.16942,-9.87279
Aughine,53.6646,-7.79166
Aughinida,51.93179,-8.91331
Aughinish,52.8861,-8.43638
Aughinish East,52.6233,-9.06165
Aughinish West,52.61598,-9.07856
Aughiska Beg,53.0207,-9.3058
Aughiska More,53.0148,-9.32321
Aughkeely,54.86558,-7.81061
Aughkiletaun,52.57893,-6.99548
Aughmore,52.31777,-7.50424
Aughnacloy,54.23663,-7.11389
Aughnacrumpane,52.5747,-7.46638
Aughnacurraveel,52.00494,-7.77682
Aughnagalley,52.48407,-6.54645
Aughnagan,52.29012,-6.62552
Aughnagomaun,52.60047,-7.82066
Aughnaheela,52.77521,-7.96198
Aughnalyra,52.00191,-8.06911
Aughnamaulmeen,52.7252,-6.44224
Aughnanure,53.41481,-9.27869
Aughness,54.08661,-9.83239
Aughnish,55.03981,-7.60844
Aughnish Isle,55.05232,-7.60003
Aughrim,54.13816,-7.5865
Aughriman,54.02807,-8.04736
Aughriman South,53.94668,-8.03898
Aughrim Beg,54.02887,-6.63165
Aughrim Lower,52.85751,-6.32828
Aughrim More,54.02772,-6.64009
Aughrim Upper,52.86844,-6.34015
Aughris,54.27059,-8.78129
Aughrus Beg,53.55788,-10.17412
Aughrus More,53.54918,-10.1643
Aughry,53.85938,-7.9331
Aught,55.12163,-7.27789
Aughtanny,52.62567,-7.328
Aughtreagh,54.11243,-7.32367
Aughullen,52.74984,-6.31051
Aughvallydeag,52.66598,-8.08693
Aughvolyshane,52.74127,-7.94935
Augullies,54.9615,-8.26889
Aulanebane,52.35784,-9.6779
Aulaneduff,52.35468,-9.66808
Aultagh,51.77051,-9.09324
Aultaghreagh,51.77747,-9.0964
Aunamihoonagh,52.08215,-8.37658
Aungierstown And Ballybane,53.3138,-6.45259
Aurora,53.19053,-6.29089
Auskurra Big,52.165,-6.99417
Auskurra Little,52.16301,-6.99889
Avalbane,54.18762,-6.84006
Avalreagh,54.1909,-6.82964
Avaltygort,54.78175,-7.68961
Avenue,52.05827,-9.49833
Avery Island,53.30397,-9.89427
Avoca,52.85796,-6.21302
Avoley,53.12278,-7.365
Avondale,52.91247,-6.22495
Awnaskirtaun,52.0347,-9.22722
Ayle,52.47301,-9.65275
Ayleacotty,52.7955,-8.88542
Ayle Lower,52.90183,-8.69172
Ayle Upper,52.91206,-8.70649
Aylmerstown,52.94497,-6.80217
Aylwardstown,52.34021,-7.02831
Ayresfields,52.65994,-7.26668